cle,fr,en,ln,sw,pt
lang.name,Français,English,Lingála,Kiswahili,Português
section.education,Formation & certifications,Education & certifications,Kelasi mpe ba certificats,Elimu na vyeti,Formação e certificações
section.experiences,Expérience professionnelle,Professional experience,Mosala oyo nasalaki,Uzoefu wa kazi,Experiência profissional
section.skills,Compétences & certifications,Skills & certifications,Mayele mpe ba certificats,Ujuzi na vyeti,Competências e certificações
section.languages,Langues,Languages,Minoko,Lugha,Línguas
section.hobbies,Loisirs,Hobbies,Masano,Mambo ninayopenda,Passatempos
label.profile,Profil,Profile,Profil,Wasifu,Perfil
label.profilePro,Profil professionnel,Professional profile,Profil ya mosala,Wasifu wa kitaaluma,Perfil profissional
label.contact,Contact,Contact,Contact,Mawasiliano,Contacto
label.phone,Téléphone,Phone,Telefone,Simu,Telefone
label.email,Email,Email,Email,Barua pepe,Email
label.address,Adresse,Address,Adresi,Anwani,Morada
label.link,Lien,Link,Lien,Kiungo,Link
label.curriculum,Curriculum Vitae,Curriculum Vitae,Curriculum Vitae,Wasifu Binafsi,Curriculum Vitae
level.Natif,Natif,Native,Monoko ya mboka,Lugha ya asili,Nativo
level.Courant,Courant,Fluent,Nalobaka malamu,Fasaha,Fluente
level.Professionnel,Professionnel,Professional,Ya mosala,Kitaaluma,Profissional
level.Intermédiaire,Intermédiaire,Intermediate,Ya katikati,Kati,Intermédio
level.Notions,Notions,Basic,Moke,Msingi,Noções
